id;type;name;status;description;duration;startTime;endTime;epic
1;TASK;Task1;NEW;Checking create1;5;01.01.2024, 01:01;01.01.2024, 01:06
2;EPIC;Epi1;IN_PROGRESS;Checking create1;15;01.01.2023, 01:01;01.01.2035, 01:06
5;EPIC;Epic66;NEW;Checking create1
6;EPIC;Epic1;NEW;Checking create1
8;EPIC;Sub2;NEW;Checking create1
9;EPIC;Epic78;NEW;Checking create1
3;SUBTASK;Sub1;NEW;Checking create1;5;01.01.2025, 01:01;01.01.2025, 01:06;2
4;SUBTASK;Sub3;NEW;Checking create1;5;01.01.2035, 01:01;01.01.2035, 01:06;2
7;SUBTASK;Sub2;NEW;Checking create1;5;01.01.2023, 01:01;01.01.2023, 01:06;2
